"id";"company_id";"website"
2068;244;"www.alce.at"
744420;246;"www.alcedis.de"
2591;247;"https://alcedo-itzehoe.de"
2592;249;"alcedo-spa.de"
2593;251;"alcedo-plast.de"
83;251;"https://www.alcedo-plast.de"
2594;253;"http://alcel.de"
2119;254;"https://commerzreal.com"
2120;255;"http://ilg-fonds.de"
2595;256;"alcasa.de"
744419;258;"aldb.org"
773189;259;"www.alcatherm.de"
82;261;"https://www.alcera.de"
84;262;"https://www.alco-immobilien.de"
744428;263;"http://www.alcofilters.com/en-gb/home"
744418;264;"https://kalo.de"
91;265;"https://www.alco-moebel.de"
744427;266;"www.alcoidstein.de"
1626;267;"https://www.alco.at"
87;269;"https://www.alcobra.de"
1630;270;"https://www.alcolor.at"
89;271;"https://www.alcom.de"
1634;273;"https://www.alcom-doebeln.de"
1590;274;"http://www.alchimea.de"
1594;275;"https://www.dal.de"
95;276;"https://www.alcimed.com"
744436;278;"http://alclear.com"
2078;279;"www.alco-gmbh.de"
1598;280;"https://www.bl-gruppe.de"
744446;322;"alcumet.de"
2612;323;"alcunimet.de"
2091;324;"www.alcutec.de"
2614;325;"http://aldautomotive.de"
744452;326;"ald-leasefinanz.de"
773192;327;"https://automobile.li"
744453;328;"aldautomotive.at"
2617;330;"ald-mayen.de"
744454;331;"aldautomotive.de"
744455;332;"alcoso.com"
2097;333;"http://ald.de"
97;334;"http://www.alcotec.net"
744456;335;"http://www.mcgarrellreilly.de"
744457;336;"alco-albert.de"
2098;336;"www.alco-albert.de"
2100;337;"www.alco-food.com"
744459;338;"alco-food.com"
2625;339;"alco-systeme.de"
744460;341;"http://ald.de"
39;344;"https://alde.se"
744464;345;"aldegott.de"
1611;346;"https://www.aldegott.de"
744469;347;"https://alde.se"
1616;348;"http://aldea-gebaeudeservices.de"
1618;349;"https://www.aldebaran.de"
1622;351;"http://www.teppichboden.de"
98;352;"https://www.ald-leasefinanz.de"
744478;353;"alden-deutschland.com"
2633;353;"http://alden-deutschland.de"
43;354;"https://ald-vt.com"
2137;355;"www.alda-gmbh.com"
773202;356;"newhorizons-festival.com"
744480;357;"www.alda-bau.de"
107;358;"https://www.aldacom.eu"
744486;359;"www.aldag-haustechnik.de"
2640;360;"aldak.de"
773204;361;"www.aldenhoff.de/index.php?id=6"
744491;363;"https://alders.de"
2642;364;"aldevron.com"
41;365;"https://aps-solver.de"
120;366;"https://www.aldi-nord.de"
